{"cameraMode":{"drawMode":0,"name":"Shaded","section":"Shading Mode"},"sceneLighting":false,"audioPlay":false,"sceneViewState":{"m_AlwaysRefresh":false,"showFog":true,"showSkybox":false,"showFlares":true,"showImageEffects":true,"showParticleSystems":true,"showVisualEffectGraphs":true,"m_FxEnabled":true},"in2DMode":false,"pivot":{"x":17.189741134643556,"y":-0.1756807267665863,"z":0.002971172332763672},"rotation":{"x":0.04795908182859421,"y":-0.5017369985580444,"z":0.02787502482533455,"w":0.8632400035858154},"size":3.4673562049865724,"orthographic":true}